{"cameraMode":{"drawMode":0,"name":"Shaded","section":"Shading Mode"},"sceneLighting":true,"audioPlay":false,"sceneViewState":{"showFog":true,"showMaterialUpdate":false,"showSkybox":true,"showFlares":true,"showImageEffects":true,"showParticleSystems":true},"in2DMode":false,"pivot":{"x":551.65966796875,"y":-103.10391235351563,"z":1540.95654296875},"rotation":{"x":-0.1301582157611847,"y":-0.06479783356189728,"z":0.00852480810135603,"w":-0.9893379211425781},"size":1297.9766845703125,"orthographic":false}